"micro_hab_data_tbl_id","location_table_id","transect_code","depth","velocity","percent_fine_substrate","percent_sand_substrate","percent_small_gravel_substrate","percent_large_gravel_substrate","percent_cobble_substrate","percent_boulder_substrate","percent_no_cover_inchannel","percent_small_woody_cover_inchannel","percent_large_woody_cover_inchannel","percent_submerged_aquatic_veg_inchannel","percent_undercut_bank","percent_no_cover_overhead","percent_cover_half_meter_overhead","percent_cover_more_than_half_meter_overhead","surface_turbidity","fish_data_id","count","fl_mm","dist_to_bottom","focal_velocity","species","date","channel_geomorphic_unit"
18,11,0.1,17,0.22,0,40,20,30,10,0,75,15,0,10,0,100,0,0,20,21,2,35,1,0.94,"Chinook salmon",2001-03-14,"Glide"
18,11,0.1,17,0.22,0,40,20,30,10,0,75,15,0,10,0,100,0,0,20,22,3,35,1.5,0.16,"Chinook salmon",2001-03-14,"Glide"
18,11,0.1,17,0.22,0,40,20,30,10,0,75,15,0,10,0,100,0,0,20,23,1,25,1.5,0.16,"Steelhead trout (wild)",2001-03-14,"Glide"
22,11,3.1,11,1.19,0,70,30,0,0,0,10,20,40,30,0,100,0,0,10,25,3,25,1,0.18000001,"Steelhead trout (wild)",2001-03-14,"Glide Edgewater"
25,11,3.4,9,1.97,0,0,70,30,0,0,100,0,0,0,0,100,0,0,10,11,1,40,5,0.50999999,"Chinook salmon",2001-03-14,"Glide"
26,11,6.1,10,0.75,40,0,40,20,0,0,50,10,0,40,0,75,25,0,0,28,20,25,0.5,0.75,"Steelhead trout (wild)",2001-03-14,"Glide Edgewater"
27,11,6.2,19,0.89,0,60,30,10,0,0,100,0,0,0,0,100,0,0,10,29,25,35,1.5,1.42,"Chinook salmon",2001-03-14,"Glide Edgewater"
27,11,6.2,19,0.89,0,60,30,10,0,0,100,0,0,0,0,100,0,0,10,30,2,50,1.5,1.42,"Chinook salmon",2001-03-14,"Glide Edgewater"
28,11,6.3,19,0.75,0,30,50,20,0,0,100,0,0,0,0,100,0,0,20,24,2,35,0.5,0.73000002,"Chinook salmon",2001-03-14,"Glide"
29,11,6.4,37,0.91,0,65,25,10,0,0,100,0,0,0,0,100,0,0,30,12,1,25,1,0.63999999,"Steelhead trout (wild)",2001-03-14,"Glide"
29,11,6.4,37,0.91,0,65,25,10,0,0,100,0,0,0,0,100,0,0,30,13,50,40,5,1.08,"Chinook salmon",2001-03-14,"Glide"
29,11,6.4,37,0.91,0,65,25,10,0,0,100,0,0,0,0,100,0,0,30,14,6,75,5,0.80000001,"Chinook salmon",2001-03-14,"Glide"
29,11,6.4,37,0.91,0,65,25,10,0,0,100,0,0,0,0,100,0,0,30,26,10,40,1.5,0.94,"Chinook salmon",2001-03-14,"Glide"
29,11,6.4,37,0.91,0,65,25,10,0,0,100,0,0,0,0,100,0,0,30,27,20,35,1.5,0.94,"Chinook salmon",2001-03-14,"Glide"
30,11,9.1,16,0.18,0,80,20,0,0,0,90,10,0,0,0,50,50,0,0,31,35,25,1.5,0,"Steelhead trout (wild)",2001-03-14,"Glide Edgewater"
30,11,9.1,16,0.18,0,80,20,0,0,0,90,10,0,0,0,50,50,0,0,32,250,35,1.5,0,"Chinook salmon",2001-03-14,"Glide Edgewater"
33,11,9.4,15,2.17,0,10,90,0,0,0,100,0,0,0,0,100,0,0,20,15,3,25,1,0.44,"Steelhead trout (wild)",2001-03-14,"Glide"
34,11,12.1,3,0,15,0,25,60,0,0,40,40,0,0,20,100,0,0,0,33,10,25,1.5,0,"Steelhead trout (wild)",2001-03-14,"Glide Edgewater"
34,11,12.1,3,0,15,0,25,60,0,0,40,40,0,0,20,100,0,0,0,50,2,25,1,0,"Steelhead trout (wild)",2001-03-14,"Glide Edgewater"
37,11,12.4,19,1.01,0,40,60,0,0,0,100,0,0,0,0,100,0,0,30,16,8,50,1,0.18000001,"Chinook salmon",2001-03-14,"Glide"
37,11,12.4,19,1.01,0,40,60,0,0,0,100,0,0,0,0,100,0,0,30,17,15,40,1,0.5,"Chinook salmon",2001-03-14,"Glide"
37,11,12.4,19,1.01,0,40,60,0,0,0,100,0,0,0,0,100,0,0,30,18,2,25,1,0.5,"Steelhead trout (wild)",2001-03-14,"Glide"
38,11,15.1,28,0.37,0,60,20,20,0,0,90,10,0,0,0,100,0,0,10,34,100,35,2,0.51999998,"Chinook salmon",2001-03-14,"Glide Edgewater"
41,11,15.4,9,1.6,0,30,60,10,0,0,100,0,0,0,0,100,0,0,20,51,100,35,1,0,"Chinook salmon",2001-03-14,"Glide"
42,11,18.1,11,0.44,0,90,0,10,0,0,70,15,NA,15,0,85,15,0,0,38,125,45,1,0,"Chinook salmon",2001-03-14,"Glide Edgewater"
42,11,18.1,11,0.44,0,90,0,10,0,0,70,15,NA,15,0,85,15,0,0,39,10,25,1,0,"Steelhead trout (wild)",2001-03-14,"Glide Edgewater"
44,11,18.3,18,1,0,20,80,0,0,0,100,0,0,0,0,100,0,0,0,35,150,35,0.5,0.40000001,"Chinook salmon",2001-03-14,"Glide Edgewater"
45,11,18.4,23,0.78,0,15,70,15,0,0,100,0,0,0,0,100,0,0,10,19,5,45,1,0.5,"Chinook salmon",2001-03-14,"Glide Edgewater"
46,11,21.1,8,0.32,0,25,60,15,0,0,100,0,0,0,0,65,35,0,0,42,5,25,1,0,"Steelhead trout (wild)",2001-03-14,"Glide Edgewater"
46,11,21.1,8,0.32,0,25,60,15,0,0,100,0,0,0,0,65,35,0,0,43,100,35,1.5,0,"Chinook salmon",2001-03-14,"Glide Edgewater"
46,11,21.1,8,0.32,0,25,60,15,0,0,100,0,0,0,0,65,35,0,0,44,11,25,1.5,0,"Steelhead trout (wild)",2001-03-14,"Glide Edgewater"
48,11,21.3,17,0.75,0,20,60,20,0,0,100,0,0,0,0,100,0,0,15,36,100,40,1,0.75,"Chinook salmon",2001-03-14,"Glide"
48,11,21.3,17,0.75,0,20,60,20,0,0,100,0,0,0,0,100,0,0,15,37,150,45,1,0.75,"Chinook salmon",2001-03-14,"Glide"
50,11,24.1,23,0.37,0,30,30,40,0,0,80,0,0,0,20,0,30,70,0,45,75,40,1.5,0.23999999,"Chinook salmon",2001-03-14,"Glide Edgewater"
50,11,24.1,23,0.37,0,30,30,40,0,0,80,0,0,0,20,0,30,70,0,46,45,40,1.5,0.47,"Chinook salmon",2001-03-14,"Glide Edgewater"
50,11,24.1,23,0.37,0,30,30,40,0,0,80,0,0,0,20,0,30,70,0,47,4,55,1.5,0.47,"Chinook salmon",2001-03-14,"Glide Edgewater"
50,11,24.1,23,0.37,0,30,30,40,0,0,80,0,0,0,20,0,30,70,0,48,50,40,1,1.36,"Chinook salmon",2001-03-14,"Glide Edgewater"
50,11,24.1,23,0.37,0,30,30,40,0,0,80,0,0,0,20,0,30,70,0,49,2,25,1,1.36,"Steelhead trout (wild)",2001-03-14,"Glide Edgewater"
53,11,24.4,13,1.88,0,0,85,15,0,0,90,0,0,10,0,100,0,0,10,20,75,45,5,0.37,"Chinook salmon",2001-03-14,"Glide"
53,11,24.4,13,1.88,0,0,85,15,0,0,90,0,0,10,0,100,0,0,10,40,1,30,1,1.05,"Chinook salmon",2001-03-14,"Glide"
53,11,24.4,13,1.88,0,0,85,15,0,0,90,0,0,10,0,100,0,0,10,41,1,35,1,0.98000002,"Chinook salmon",2001-03-14,"Glide"
63,12,6.1,6,0,0,0,80,20,0,0,60,0,0,40,0,40,60,0,0,52,1,25,5,0,"Steelhead trout (wild)",2001-03-15,"Glide Edgewater"
65,12,6.3,22,0,0,0,0,75,25,0,85,0,0,15,0,100,0,0,0,53,20,40,10,0,"Chinook salmon",2001-03-15,"Glide Edgewater"
74,12,12.4,50,0,0,20,70,10,0,0,0,70,0,30,0,30,0,70,0,54,350,40,5,0.2,"Chinook salmon",2001-03-15,"Glide Edgewater"
76,12,15.2,41,0,20,80,0,0,0,0,20,10,10,60,0,80,0,20,0,55,300,40,20,0,"Chinook salmon",2001-03-15,"Glide Edgewater"
76,12,15.2,41,0,20,80,0,0,0,0,20,10,10,60,0,80,0,20,0,56,1,25,20,0,"Steelhead trout (wild)",2001-03-15,"Glide Edgewater"
116,14,0.3,27,1,0,0,90,10,0,0,100,0,0,0,0,100,0,0,0,59,1,60,4,1.98,"Steelhead trout (wild)",2001-08-20,"Riffle"
133,14,12.4,24,0.75,0,0,100,0,0,0,100,0,0,0,0,100,0,0,0,60,10,65,4,0.75,"Steelhead trout (wild)",2001-08-20,"Riffle Edgewater"
133,14,12.4,24,0.75,0,0,100,0,0,0,100,0,0,0,0,100,0,0,0,61,7,80,4,0.75,"Chinook salmon",2001-08-20,"Riffle Edgewater"
141,14,18.4,20,1.27,0,0,100,0,0,0,100,0,0,0,0,100,0,0,0,62,3,50,5,1.27,"Steelhead trout (wild)",2001-08-20,"Riffle Edgewater"
141,14,18.4,20,1.27,0,0,100,0,0,0,100,0,0,0,0,100,0,0,0,63,1,80,4,1.27,"Steelhead trout (wild)",2001-08-20,"Riffle Edgewater"
142,14,21.1,21,0,25,0,75,0,0,0,100,0,0,0,0,70,30,0,0,64,1,45,5,0,"Steelhead trout (wild)",2001-08-20,"Riffle Edgewater"
285,18,18.4,71,3.2,0,0,0,90,10,0,100,0,0,0,0,100,0,0,0,65,1,220,3,3.2,"Steelhead trout (wild)",2001-08-20,"Glide"
305,19,6.4,36,2.97,0,0,90,10,0,0,100,0,0,0,0,100,0,0,0,66,1,180,3,1.41,"Steelhead trout (wild)",2001-08-20,"Glide"
305,19,6.4,36,2.97,0,0,90,10,0,0,100,0,0,0,0,100,0,0,0,67,1,200,3,1.8099999,"Steelhead trout (wild)",2001-08-20,"Glide"
305,19,6.4,36,2.97,0,0,90,10,0,0,100,0,0,0,0,100,0,0,0,68,1,210,3,1.8099999,"Steelhead trout (wild)",2001-08-20,"Glide"
308,19,9.3,32,3.38,0,10,80,10,0,0,100,0,0,0,0,100,0,0,0,69,1,160,3,3.4400001,"Steelhead trout (wild)",2001-08-20,"Glide"
308,19,9.3,32,3.38,0,10,80,10,0,0,100,0,0,0,0,100,0,0,0,70,1,200,3,3.21,"Steelhead trout (wild)",2001-08-20,"Glide"
518,12,24.1,12,0.5,20,0,10,60,10,0,60,0,0,40,0,100,0,0,0,57,50,40,5,0,"Chinook salmon",2001-03-15,"Glide Edgewater"
830,33,12.4,34,0.21,0,0,40,60,0,0,100,0,0,0,0,100,0,0,0,71,1,50,0,0.20999999,"Speckled dace",2001-07-18,NA
938,36,12.4,20,1.24,0,0,100,0,0,0,100,0,0,0,0,100,0,0,0,72,9,45,0,0,"Chinook salmon",2001-07-10,NA
941,36,15.3,19,0.98,0,0,100,0,0,0,90,10,0,0,0,100,0,0,0,73,1,45,1,0.62,"Steelhead trout (wild)",2001-07-10,NA
941,36,15.3,19,0.98,0,0,100,0,0,0,90,10,0,0,0,100,0,0,0,74,7,50,0,0,"Chinook salmon",2001-07-10,NA
946,36,18.4,20,0.66,0,0,100,0,0,0,100,0,0,0,0,100,0,0,0,75,10,45,0,0,"Chinook salmon",2001-07-10,NA
1329,47,9.3,82,0.75,0,30,60,10,0,0,90,10,0,0,0,100,0,0,0,77,10,50,40,0.56,"Tule perch",2001-06-19,"Glide"
1538,53,3.4,12,2.45,0,0,100,0,0,0,100,0,0,0,0,100,0,0,0,78,2,40,0,1.5599999,"Steelhead trout (wild)",2001-06-11,"Riffle Edgewater"
1539,53,6.1,12,2.26,50,0,50,0,0,0,55,20,0,25,0,100,0,0,0,79,1,40,0,2.26,"Steelhead trout (wild)",2001-06-11,"Riffle Edgewater"
1546,53,9.4,30,1.13,0,0,0,100,0,0,100,0,0,0,0,100,0,0,0,80,5,50,0,1.13,"Steelhead trout (wild)",2001-06-11,"Riffle Edgewater"
1546,53,9.4,30,1.13,0,0,0,100,0,0,100,0,0,0,0,100,0,0,0,81,27,50,0,1.13,"Chinook salmon",2001-06-11,"Riffle Edgewater"
1546,53,9.4,30,1.13,0,0,0,100,0,0,100,0,0,0,0,100,0,0,0,82,7,50,0,0.77999997,"Steelhead trout (wild)",2001-06-11,"Riffle Edgewater"
1553,53,15.3,7,1.26,0,0,25,75,0,0,100,0,0,0,0,100,0,0,0,85,2,30,0,0.49000001,"Steelhead trout (wild)",2001-06-11,"Riffle Edgewater"
1554,53,15.4,26,1.4,0,0,25,75,0,0,100,0,0,0,0,100,0,0,0,83,9,45,0,1.65,"Steelhead trout (wild)",2001-06-11,"Riffle Edgewater"
1554,53,15.4,26,1.4,0,0,25,75,0,0,100,0,0,0,0,100,0,0,0,84,10,60,0,1.65,"Chinook salmon",2001-06-11,"Riffle Edgewater"
1554,53,15.4,26,1.4,0,0,25,75,0,0,100,0,0,0,0,100,0,0,0,89,9,45,0,1.42,"Steelhead trout (wild)",2001-06-11,"Riffle Edgewater"
1554,53,15.4,26,1.4,0,0,25,75,0,0,100,0,0,0,0,100,0,0,0,90,7,50,0,1.42,"Chinook salmon",2001-06-11,"Riffle Edgewater"
1562,53,21.4,20,0.72,0,0,10,90,0,0,100,0,0,0,0,75,25,0,0,86,6,45,0,0.85000002,"Steelhead trout (wild)",2001-06-11,NA
1564,53,24.2,12,0.8,0,40,30,30,0,0,100,0,0,0,0,100,0,0,0,87,2,55,0,0.94,"Steelhead trout (wild)",2001-06-11,"Riffle Edgewater"
1564,53,24.2,12,0.8,0,40,30,30,0,0,100,0,0,0,0,100,0,0,0,88,15,65,0,0.94,"Chinook salmon",2001-06-11,"Riffle Edgewater"
1597,54,21.3,56,0,0,15,0,0,75,10,100,0,0,0,0,100,0,0,0,91,75,45,0,0,"Chinook salmon",2001-06-11,"Glide Edgewater"
1597,54,21.3,56,0,0,15,0,0,75,10,100,0,0,0,0,100,0,0,0,92,25,60,0,0,"Chinook salmon",2001-06-11,"Glide Edgewater"
1702,57,18.4,32,0.6,0,0,20,20,60,0,100,0,0,0,0,100,0,0,10,93,4,45,10,0.62,"Steelhead trout (wild)",2001-06-11,"Glide"
1722,58,6.4,21,1.96,0,10,10,80,0,0,100,0,0,0,0,100,0,0,20,94,1,45,5,1.36,"Steelhead trout (wild)",2001-06-11,NA
1722,58,6.4,21,1.96,0,10,10,80,0,0,100,0,0,0,0,100,0,0,20,95,10,35,5,1.36,"Speckled dace",2001-06-11,NA
1725,58,9.3,20,1.54,0,10,10,60,20,0,100,0,0,0,0,100,0,0,0,96,1,40,5,1.36,"Steelhead trout (wild)",2001-06-11,NA
1730,58,12.4,30,0.85,0,0,20,80,0,0,100,0,0,0,0,100,0,0,30,97,1,40,10,1.25,"Steelhead trout (wild)",2001-06-11,NA
1742,58,21.4,35,0.73,0,0,20,40,40,0,100,0,0,0,0,100,0,0,15,98,2,60,10,0.57999998,"Steelhead trout (wild)",2001-06-11,NA
1742,58,21.4,35,0.73,0,0,20,40,40,0,100,0,0,0,0,100,0,0,15,99,10,70,10,0.57999998,"Chinook salmon",2001-06-11,NA
1742,58,21.4,35,0.73,0,0,20,40,40,0,100,0,0,0,0,100,0,0,15,100,2,45,10,0.57999998,"Steelhead trout (wild)",2001-06-11,NA
1765,59,12.3,28,0.9,0,10,90,0,0,0,85,0,0,15,0,100,0,0,15,101,1,55,10,0.41999999,"Steelhead trout (wild)",2001-06-12,NA
1867,62,9.1,55,0,0,100,0,0,0,0,30,20,0,50,0,0,50,50,0,102,3,80,0,0.55000001,"Chinook salmon",2001-06-12,"Glide Edgewater"
2147,70,3.1,24,0.78,0,80,20,0,0,0,85,15,0,0,0,85,10,5,10,103,1,35,20,0.60000002,"Steelhead trout (wild)",2001-05-21,"Glide Edgewater"
2151,70,6.1,32,0.48,80,10,10,0,0,0,65,10,0,5,20,10,20,70,0,104,1,35,7,0,"Steelhead trout (wild)",2001-05-21,"Glide Edgewater"
2151,70,6.1,32,0.48,80,10,10,0,0,0,65,10,0,5,20,10,20,70,0,105,2,35,10,0,"Steelhead trout (wild)",2001-05-21,"Glide Edgewater"
2151,70,6.1,32,0.48,80,10,10,0,0,0,65,10,0,5,20,10,20,70,0,106,5,40,10,0,"Chinook salmon",2001-05-21,"Glide Edgewater"
2151,70,6.1,32,0.48,80,10,10,0,0,0,65,10,0,5,20,10,20,70,0,107,3,40,3,0.86000001,"Chinook salmon",2001-05-21,"Glide Edgewater"
2151,70,6.1,32,0.48,80,10,10,0,0,0,65,10,0,5,20,10,20,70,0,108,1,35,3,0.86000001,"Steelhead trout (wild)",2001-05-21,"Glide Edgewater"
2151,70,6.1,32,0.48,80,10,10,0,0,0,65,10,0,5,20,10,20,70,0,109,50,45,0,0,"Chinook salmon",2001-05-21,"Glide Edgewater"
2155,70,9.1,21,0,0,70,20,10,0,0,80,20,0,0,0,0,60,40,0,110,5,35,0,0,"Steelhead trout (wild)",2001-05-21,"Glide Edgewater"
2159,70,12.1,36,0.86,40,40,0,0,0,20,80,20,0,0,0,0,20,80,0,111,3,40,0,0.85000002,"Chinook salmon",2001-05-21,"Glide"
2161,70,12.3,39,1.29,20,80,0,0,0,0,70,20,0,10,0,100,0,0,0,112,3,45,0,0.47,"Chinook salmon",2001-05-21,"Glide"
2161,70,12.3,39,1.29,20,80,0,0,0,0,70,20,0,10,0,100,0,0,0,113,1,40,3,0.77999997,"Steelhead trout (wild)",2001-05-21,"Glide"
2163,70,15.1,19,0.68,0,80,0,20,0,0,90,0,0,10,0,20,0,80,0,114,1,40,5,0.31,"Steelhead trout (wild)",2001-05-21,"Glide"
2163,70,15.1,19,0.68,0,80,0,20,0,0,90,0,0,10,0,20,0,80,0,115,1,35,5,0.31,"Chinook salmon",2001-05-21,"Glide"
2163,70,15.1,19,0.68,0,80,0,20,0,0,90,0,0,10,0,20,0,80,0,116,2,25,5,0.31,"Steelhead trout (wild)",2001-05-21,"Glide"
2166,70,15.4,41,1.5,0,100,0,0,0,0,100,0,0,0,0,100,0,0,0,117,2,40,5,1.63,"Chinook salmon",2001-05-21,"Glide"
2167,70,18.1,23,0.58,20,60,20,0,0,0,80,10,0,10,0,10,45,45,0,118,4,40,5,0,"Steelhead trout (wild)",2001-05-21,"Glide Edgewater"
2167,70,18.1,23,0.58,20,60,20,0,0,0,80,10,0,10,0,10,45,45,0,119,3,25,10,0,"Steelhead trout (wild)",2001-05-21,"Glide Edgewater"
2171,70,21.1,25,0.6,0,80,20,0,0,0,80,10,0,10,0,80,10,10,0,120,2,25,10,0,"Steelhead trout (wild)",2001-05-21,"Glide Edgewater"
2171,70,21.1,25,0.6,0,80,20,0,0,0,80,10,0,10,0,80,10,10,0,121,10,35,10,0,"Chinook salmon",2001-05-21,"Glide Edgewater"
2177,70,24.3,37,1.32,0,100,0,0,0,0,80,20,0,0,0,100,0,0,0,122,5,35,5,1.3200001,"Chinook salmon",2001-05-21,"Glide"
2177,70,24.3,37,1.32,0,100,0,0,0,0,80,20,0,0,0,100,0,0,0,123,1,35,2,0.91000003,"Steelhead trout (wild)",2001-05-21,"Glide"
2177,70,24.3,37,1.32,0,100,0,0,0,0,80,20,0,0,0,100,0,0,0,124,3,40,3,0.91000003,"Chinook salmon",2001-05-21,"Glide"
2187,71,6.1,41,0,0,0,0,0,40,60,15,0,0,85,0,90,10,0,0,126,1,75,15,0,"Steelhead trout (wild)",2001-05-21,"Pool"
2189,71,6.3,89,0.59,0,20,0,0,0,80,100,0,0,0,0,100,0,0,20,125,150,45,50,0.50999999,"Chinook salmon",2001-05-21,"Glide Edgewater"
2195,71,12.1,42,0,0,0,0,0,0,100,100,0,0,0,0,20,30,50,10,127,1,25,10,0,"Steelhead trout (wild)",2001-05-21,"Pool"
2211,71,24.1,8,0,0,0,0,20,70,10,40,10,0,50,0,50,10,40,0,128,2,25,5,0,"Steelhead trout (wild)",2001-05-21,"Pool"
2211,71,24.1,8,0,0,0,0,20,70,10,40,10,0,50,0,50,10,40,0,129,1,50,5,0,"Steelhead trout (wild)",2001-05-21,"Pool"
2211,71,24.1,8,0,0,0,0,20,70,10,40,10,0,50,0,50,10,40,0,130,1,35,5,0,"Steelhead trout (wild)",2001-05-21,"Pool"
2220,72,3.2,52,0,0,0,50,50,0,0,90,10,0,0,0,100,0,0,0,131,10,25,20,0,"Steelhead trout (wild)",2001-05-21,"Pool"
2220,72,3.2,52,0,0,0,50,50,0,0,90,10,0,0,0,100,0,0,0,132,5,30,20,0,"Steelhead trout (wild)",2001-05-21,"Pool"
2220,72,3.2,52,0,0,0,50,50,0,0,90,10,0,0,0,100,0,0,0,133,20,40,20,0,"Chinook salmon",2001-05-21,"Pool"
2220,72,3.2,52,0,0,0,50,50,0,0,90,10,0,0,0,100,0,0,0,134,40,45,20,0,"Chinook salmon",2001-05-21,"Pool"
2220,72,3.2,52,0,0,0,50,50,0,0,90,10,0,0,0,100,0,0,0,135,2,65,15,0,"Chinook salmon",2001-05-21,"Pool"
2224,72,6.2,41,0,0,0,25,75,0,0,100,0,0,0,0,75,25,0,0,136,50,65,15,0,"Chinook salmon",2001-05-21,"Pool"
2226,72,6.4,56,0,0,0,25,75,0,0,100,0,0,0,0,100,0,0,0,137,1,35,15,0,"Steelhead trout (wild)",2001-05-21,"Pool"
2226,72,6.4,56,0,0,0,25,75,0,0,100,0,0,0,0,100,0,0,0,138,150,35,15,0,"Steelhead trout (wild)",2001-05-21,"Pool"
2226,72,6.4,56,0,0,0,25,75,0,0,100,0,0,0,0,100,0,0,0,139,5,25,15,0,"Steelhead trout (wild)",2001-05-21,"Pool"
2226,72,6.4,56,0,0,0,25,75,0,0,100,0,0,0,0,100,0,0,0,140,150,40,30,0.15000001,"Steelhead trout (wild)",2001-05-21,"Pool"
2227,72,9.1,30,0,0,0,25,75,0,0,85,15,0,0,0,100,0,0,0,141,50,50,20,0,"Chinook salmon",2001-05-21,"Pool"
2227,72,9.1,30,0,0,0,25,75,0,0,85,15,0,0,0,100,0,0,0,142,6,30,20,0,"Steelhead trout (wild)",2001-05-21,"Pool"
2230,72,9.4,45,0.4,0,0,40,40,20,0,95,5,0,0,0,60,0,40,0,143,75,40,20,0,"Chinook salmon",2001-05-21,"Pool"
2235,72,15.1,24,0,0,0,0,75,25,0,80,15,0,5,0,80,0,20,0,144,5,35,5,0,"Steelhead trout (wild)",2001-05-21,"Pool"
2239,72,18.1,11,0,0,0,0,20,80,0,85,0,0,15,0,80,0,20,0,145,3,25,5,0,"Steelhead trout (wild)",2001-05-21,"Pool"
2241,72,18.3,19,0.29,0,0,5,70,25,0,90,10,0,0,0,100,0,0,0,146,1,35,3,0.28999999,"Steelhead trout (wild)",2001-05-21,"Pool"
2243,72,21.1,8,0,0,0,90,10,0,0,50,0,0,50,0,20,40,40,0,147,1,25,5,0,"Steelhead trout (wild)",2001-05-21,"Pool"
2247,72,24.1,18,0,0,10,90,0,0,0,75,25,0,0,0,15,25,60,0,148,2,25,15,0,"Steelhead trout (wild)",2001-05-21,"Pool"
2250,72,24.4,41,0.5,0,0,0,20,60,20,80,0,0,20,0,30,30,40,10,149,200,35,25,0.5,"Chinook salmon",2001-05-21,"Glide Edgewater"
2266,73,9.4,34,0,0,0,0,40,40,20,90,0,0,10,0,100,0,0,10,150,50,35,10,0,"Chinook salmon",2001-05-22,"Glide Edgewater"
2266,73,9.4,34,0,0,0,0,40,40,20,90,0,0,10,0,100,0,0,10,151,1,35,4,0,"Chinook salmon",2001-05-22,"Glide Edgewater"
2300,74,9.2,22,0,0,0,15,15,60,10,70,0,0,30,0,70,30,0,0,152,1,30,5,0,"Steelhead trout (wild)",2001-05-22,"Pool"
2375,76,12.1,23,0,0,40,30,30,0,0,70,0,0,30,0,30,30,40,10,153,1,40,15,0,"Steelhead trout (wild)",2001-05-21,"Glide"
2377,76,12.3,39,0,0,0,100,0,0,0,100,0,0,0,0,0,25,75,20,154,5,70,20,0,"Chinook salmon",2001-05-21,"Glide"
2377,76,12.3,39,0,0,0,100,0,0,0,100,0,0,0,0,0,25,75,20,155,1,100,20,0,"Chinook salmon",2001-05-21,"Glide"
2417,77,15.3,79,0,0,0,40,40,20,0,100,0,0,0,0,100,0,0,30,156,2,450,25,0,"Steelhead trout, (clipped)",2001-05-21,"Riffle"
2429,77,24.3,80,0,0,40,0,20,0,40,40,60,0,0,0,40,0,60,10,157,20,80,40,0,"Chinook salmon",2001-05-21,"Pool"
2451,78,15.1,43,0,0,40,30,30,0,0,60,10,0,30,0,70,0,30,0,158,1,40,10,0,"Steelhead trout (wild)",2001-05-22,"Pool"
2491,79,18.1,7,0,40,60,0,0,0,0,70,20,0,10,0,0,20,80,0,159,1,40,2,0,"Steelhead trout (wild)",2001-05-22,"Pool"
2491,79,18.1,7,0,40,60,0,0,0,0,70,20,0,10,0,0,20,80,0,160,4,35,2,0,"Chinook salmon",2001-05-22,"Pool"
2496,79,21.2,21,0.82,20,80,0,0,0,0,80,10,0,10,0,80,10,10,0,161,2,75,2,0.57999998,"Chinook salmon",2001-05-22,"Glide Edgewater"
2889,90,18.3,79,2.03,40,20,40,0,0,0,70,10,0,20,0,100,0,0,0,163,15,40,40,2.03,"Tule perch",2001-05-24,"Glide"
3079,96,0.1,18,0,0,0,0,0,100,0,70,20,0,10,0,90,10,0,0,164,1,30,10,0,"Steelhead trout (wild)",2001-04-09,"Glide Edgewater"
3083,96,3.1,14,0,0,0,0,70,30,0,80,10,0,10,0,100,0,0,0,165,1,30,10,0,"Steelhead trout (wild)",2001-04-09,"Glide Edgewater"
3095,96,12.1,5,0,0,0,0,70,30,0,40,20,0,40,0,35,15,50,0,166,1,30,1,0,"Steelhead trout (wild)",2001-04-09,"Glide Edgewater"
3096,96,12.2,18,0,0,0,0,100,0,0,40,10,0,50,0,70,0,30,0,167,500,45,3,0,"Chinook salmon",2001-04-09,"Glide Edgewater"
3096,96,12.2,18,0,0,0,0,100,0,0,40,10,0,50,0,70,0,30,0,168,500,50,4,0,"Chinook salmon",2001-04-09,"Glide Edgewater"
3096,96,12.2,18,0,0,0,0,100,0,0,40,10,0,50,0,70,0,30,0,169,25,30,4,0,"Steelhead trout (wild)",2001-04-09,"Glide Edgewater"
3099,96,15.1,11,0,0,0,0,40,60,0,55,15,0,30,0,100,0,0,0,170,7,30,10,0,"Steelhead trout (wild)",2001-04-09,"Glide Edgewater"
3103,96,18.1,30,0.94,0,10,10,80,0,0,65,10,0,15,10,0,40,60,10,171,4,30,5,0,"Steelhead trout (wild)",2001-04-09,"Glide Edgewater"
3103,96,18.1,30,0.94,0,10,10,80,0,0,65,10,0,15,10,0,40,60,10,172,5,40,5,0,"Chinook salmon",2001-04-09,"Glide Edgewater"
3111,96,24.1,10,0,0,0,30,10,60,0,65,10,0,25,0,100,0,0,0,173,2,30,5,0.18000001,"Steelhead trout (wild)",2001-04-09,"Glide Edgewater"
3111,96,24.1,10,0,0,0,30,10,60,0,65,10,0,25,0,100,0,0,0,174,1,50,5,0.18000001,"Steelhead trout (wild)",2001-04-09,"Glide Edgewater"
3111,96,24.1,10,0,0,0,30,10,60,0,65,10,0,25,0,100,0,0,0,175,30,50,4,0.18000001,"Chinook salmon",2001-04-09,"Glide Edgewater"
3111,96,24.1,10,0,0,0,30,10,60,0,65,10,0,25,0,100,0,0,0,176,2,50,6,0,"Chinook salmon",2001-04-09,"Glide Edgewater"
3111,96,24.1,10,0,0,0,30,10,60,0,65,10,0,25,0,100,0,0,0,177,5,30,5,0,"Steelhead trout (wild)",2001-04-09,"Glide Edgewater"
3111,96,24.1,10,0,0,0,30,10,60,0,65,10,0,25,0,100,0,0,0,178,2,25,5,0,"Steelhead trout (wild)",2001-04-09,"Glide Edgewater"
3115,97,0.1,25,0.26,0,60,0,0,40,0,90,0,0,10,0,0,10,90,0,179,50,45,8,0.25999999,"Chinook salmon",2001-04-09,NA
3115,97,0.1,25,0.26,0,60,0,0,40,0,90,0,0,10,0,0,10,90,0,180,2,25,10,0,"Steelhead trout (wild)",2001-04-09,NA
3119,97,3.1,19,0,0,30,10,0,20,40,80,10,0,0,10,65,10,25,0,181,1,35,15,0,"Steelhead trout (wild)",2001-04-09,"Glide Edgewater"
3120,97,3.2,42,0.7,0,0,0,10,30,60,100,0,0,0,0,100,0,0,10,182,8,50,30,0.75,"Chinook salmon",2001-04-09,"Glide Edgewater"
3123,97,6.1,27,0.7,0,10,10,0,20,60,90,0,0,10,0,100,0,0,30,183,1,35,2,0,"Steelhead trout (wild)",2001-04-09,"Glide"
3123,97,6.1,27,0.7,0,10,10,0,20,60,90,0,0,10,0,100,0,0,30,185,2,35,1,0,"Chinook salmon",2001-04-09,"Glide"
3123,97,6.1,27,0.7,0,10,10,0,20,60,90,0,0,10,0,100,0,0,30,186,40,35,1,0.50999999,"Chinook salmon",2001-04-09,"Glide"
3124,97,6.2,33,1.42,0,0,20,0,20,60,100,0,0,0,0,100,0,0,30,184,50,40,5,0.85000002,"Chinook salmon",2001-04-09,"Glide"
3127,97,9.1,9,0,0,20,0,0,40,40,0,50,0,30,20,40,10,50,0,187,3,25,3,0,"Steelhead trout (wild)",2001-04-09,"Glide Edgewater"
3131,97,12.1,16,0.23,0,20,20,20,10,30,80,0,0,10,10,70,0,30,0,188,60,40,4,0.56,"Chinook salmon",2001-04-09,"Glide Edgewater"
3135,97,15.1,14,0,0,0,40,0,40,20,50,30,0,20,0,30,30,40,0,189,5,30,5,0,"Steelhead trout (wild)",2001-04-09,"Glide Edgewater"
3135,97,15.1,14,0,0,0,40,0,40,20,50,30,0,20,0,30,30,40,0,190,1,30,5,0,"Steelhead trout (wild)",2001-04-09,"Glide Edgewater"
3139,97,18.1,5,0,0,0,10,0,50,40,80,10,0,10,0,0,70,30,0,191,3,30,3,0,"Steelhead trout (wild)",2001-04-09,"Glide Edgewater"
3148,97,24.2,24,0,0,0,20,20,60,0,100,0,0,0,0,100,0,0,0,192,150,40,10,0,"Chinook salmon",2001-04-09,"Glide Edgewater"
3202,99,9.4,26,2.08,0,0,30,70,0,0,100,0,0,0,0,100,0,0,0,193,3,45,5,2.21,"Speckled dace",2001-08-22,NA
3210,99,15.4,23,1.32,0,10,10,50,20,10,100,0,0,0,0,100,0,0,0,194,2,125,10,1.78,"Steelhead trout, (clipped)",2001-08-22,NA
3301,102,3.3,24,0.27,0,0,50,50,0,0,90,0,0,10,0,100,0,0,0,196,11,40,10,0.55000001,"Speckled dace",2001-08-21,NA
3349,103,12.3,15,1.5,0,0,60,40,0,0,100,0,0,0,0,100,0,0,10,198,1,40,10,2.1400001,"Speckled dace",2001-08-21,NA
3352,103,15.2,30,0,0,0,40,20,30,10,50,0,0,50,0,100,0,0,0,199,8,40,30,0,"Speckled dace",2001-08-21,NA
3493,107,12.3,16,2.64,0,0,100,0,0,0,100,0,0,0,0,100,0,0,0,201,2,65,5,2.6400001,"Steelhead trout (wild)",2001-08-21,NA
3495,107,15.1,16,1.32,0,0,100,0,0,0,90,0,0,10,0,100,0,0,0,200,3,65,5,1.3200001,"Steelhead trout (wild)",2001-08-21,NA
3619,111,0.1,12,1,0,60,10,30,0,0,50,10,0,40,0,100,0,0,10,202,2,25,1,0.76999998,"Steelhead trout (wild)",2001-04-09,NA
3619,111,0.1,12,1,0,60,10,30,0,0,50,10,0,40,0,100,0,0,10,203,2,25,1,0,"Steelhead trout (wild)",2001-04-09,NA
3619,111,0.1,12,1,0,60,10,30,0,0,50,10,0,40,0,100,0,0,10,204,9,27,1,0,"Steelhead trout (wild)",2001-04-09,NA
3623,111,3.1,5,0,0,40,20,30,10,0,90,10,0,0,0,80,10,10,0,205,3,27,1,0,"Steelhead trout (wild)",2001-04-09,NA
3623,111,3.1,5,0,0,40,20,30,10,0,90,10,0,0,0,80,10,10,0,206,25,40,1,0,"Chinook salmon",2001-04-09,NA
3623,111,3.1,5,0,0,40,20,30,10,0,90,10,0,0,0,80,10,10,0,207,2,25,1,0,"Steelhead trout (wild)",2001-04-09,NA
3624,111,3.2,12,0,100,0,0,0,0,0,40,10,40,10,0,50,50,0,0,208,30,45,5,1.0599999,"Chinook salmon",2001-04-09,NA
3624,111,3.2,12,0,100,0,0,0,0,0,40,10,40,10,0,50,50,0,0,209,2,25,1,0,"Steelhead trout (wild)",2001-04-09,NA
3624,111,3.2,12,0,100,0,0,0,0,0,40,10,40,10,0,50,50,0,0,210,1,25,1,0,"Steelhead trout (wild)",2001-04-09,NA
3625,111,3.3,29,1.14,100,0,0,0,0,0,90,0,10,0,0,100,0,0,10,211,4,25,1,0,"Steelhead trout (wild)",2001-04-09,NA
3628,111,6.2,8,0,100,0,0,0,0,0,35,0,0,65,0,85,15,0,0,212,10,30,1,0,"Steelhead trout (wild)",2001-04-09,NA
3629,111,6.3,15,1.49,0,60,40,0,0,0,60,20,0,20,0,90,10,0,10,213,8,30,0,0.36000001,"Steelhead trout (wild)",2001-04-09,NA
3629,111,6.3,15,1.49,0,60,40,0,0,0,60,20,0,20,0,90,10,0,10,214,6,30,1,0.25,"Steelhead trout (wild)",2001-04-09,NA
3629,111,6.3,15,1.49,0,60,40,0,0,0,60,20,0,20,0,90,10,0,10,215,2,30,1,0.25,"Steelhead trout (wild)",2001-04-09,NA
3631,111,9.1,6,0,100,0,0,0,0,0,30,50,0,20,0,30,70,0,0,216,1,25,1,0.44999999,"Steelhead trout (wild)",2001-04-09,NA
3631,111,9.1,6,0,100,0,0,0,0,0,30,50,0,20,0,30,70,0,0,217,2,25,1,0.44999999,"Steelhead trout (wild)",2001-04-09,NA
3631,111,9.1,6,0,100,0,0,0,0,0,30,50,0,20,0,30,70,0,0,218,1,25,1,0.44999999,"Steelhead trout (wild)",2001-04-09,NA
3632,111,9.2,23,0.85,0,100,0,0,0,0,60,10,0,30,0,100,0,0,0,219,2,40,0.5,0,"Steelhead trout (wild)",2001-04-09,NA
3632,111,9.2,23,0.85,0,100,0,0,0,0,60,10,0,30,0,100,0,0,0,220,2,25,0.5,0,"Steelhead trout (wild)",2001-04-09,NA
3632,111,9.2,23,0.85,0,100,0,0,0,0,60,10,0,30,0,100,0,0,0,221,1,40,1,0,"Chinook salmon",2001-04-09,NA
3635,111,12.1,18,0.06,100,0,0,0,0,0,50,50,0,0,0,0,50,50,10,226,6,30,1,0,"Chinook salmon",2001-04-09,NA
3635,111,12.1,18,0.06,100,0,0,0,0,0,50,50,0,0,0,0,50,50,10,227,6,25,2,0,"Steelhead trout (wild)",2001-04-09,NA
3635,111,12.1,18,0.06,100,0,0,0,0,0,50,50,0,0,0,0,50,50,10,228,7,25,2,0,"Steelhead trout (wild)",2001-04-09,NA
3635,111,12.1,18,0.06,100,0,0,0,0,0,50,50,0,0,0,0,50,50,10,229,50,35,1,0,"Chinook salmon",2001-04-09,NA
3636,111,12.2,13,0,0,100,0,0,0,0,80,10,0,10,0,50,50,0,0,222,6,30,2,0.54000002,"Steelhead trout (wild)",2001-04-09,NA
3636,111,12.2,13,0,0,100,0,0,0,0,80,10,0,10,0,50,50,0,0,223,40,40,2,0.54000002,"Chinook salmon",2001-04-09,NA
3636,111,12.2,13,0,0,100,0,0,0,0,80,10,0,10,0,50,50,0,0,224,40,50,2,0.54000002,"Chinook salmon",2001-04-09,NA
3636,111,12.2,13,0,0,100,0,0,0,0,80,10,0,10,0,50,50,0,0,225,100,35,2,0.54000002,"Chinook salmon",2001-04-09,NA
3636,111,12.2,13,0,0,100,0,0,0,0,80,10,0,10,0,50,50,0,0,230,15,30,1,1,"Steelhead trout (wild)",2001-04-09,NA
3636,111,12.2,13,0,0,100,0,0,0,0,80,10,0,10,0,50,50,0,0,231,2,25,1,1,"Steelhead trout (wild)",2001-04-09,NA
3636,111,12.2,13,0,0,100,0,0,0,0,80,10,0,10,0,50,50,0,0,232,2,40,1,1,"Chinook salmon",2001-04-09,NA
3639,111,15.1,21,0,0,100,0,0,0,0,60,0,40,0,0,0,30,70,10,235,50,40,10,0,"Chinook salmon",2001-04-09,NA
3639,111,15.1,21,0,0,100,0,0,0,0,60,0,40,0,0,0,30,70,10,236,3,70,10,0,"Chinook salmon",2001-04-09,NA
3640,111,15.2,22,2.28,0,70,30,0,0,0,100,0,0,0,0,100,0,0,25,233,100,40,5,0.46000001,"Chinook salmon",2001-04-09,NA
3640,111,15.2,22,2.28,0,70,30,0,0,0,100,0,0,0,0,100,0,0,25,234,3,70,10,0.46000001,"Chinook salmon",2001-04-09,NA
3643,111,18.1,32,0.4,0,100,0,0,0,0,50,30,20,0,0,0,50,50,10,237,5,70,20,0,"Chinook salmon",2001-04-09,NA
3643,111,18.1,32,0.4,0,100,0,0,0,0,50,30,20,0,0,0,50,50,10,238,100,40,20,0,"Chinook salmon",2001-04-09,NA
3647,111,21.1,11,0.26,0,35,10,0,30,25,80,10,0,10,0,100,0,0,0,239,60,30,10,0,"Steelhead trout (wild)",2001-04-09,NA
3647,111,21.1,11,0.26,0,35,10,0,30,25,80,10,0,10,0,100,0,0,0,240,5,30,10,0.25999999,"Steelhead trout (wild)",2001-04-09,NA
3648,111,21.2,36,0.76,0,40,30,30,0,0,100,0,0,0,0,100,0,0,15,241,20,80,20,0.95999998,"Chinook salmon",2001-04-09,NA
3648,111,21.2,36,0.76,0,40,30,30,0,0,100,0,0,0,0,100,0,0,15,242,100,40,20,0.95999998,"Chinook salmon",2001-04-09,NA
3648,111,21.2,36,0.76,0,40,30,30,0,0,100,0,0,0,0,100,0,0,15,243,100,50,20,0.95999998,"Chinook salmon",2001-04-09,NA
3648,111,21.2,36,0.76,0,40,30,30,0,0,100,0,0,0,0,100,0,0,15,245,10,30,5,0.41999999,"Steelhead trout (wild)",2001-04-09,NA
3650,111,21.4,25,3.21,0,0,100,0,0,0,100,0,0,0,0,100,0,0,30,244,7,55,5,0.30000001,"Chinook salmon",2001-04-09,NA
3651,111,24.1,5,0,50,50,0,0,0,0,30,10,0,60,0,90,10,0,0,246,20,30,3,0,"Steelhead trout (wild)",2001-04-09,NA
3652,111,24.2,9,0.44,0,100,0,0,0,0,70,0,0,30,0,100,0,0,10,247,50,30,5,0,"Steelhead trout (wild)",2001-04-09,NA
3654,111,24.4,32,2.21,0,20,80,0,0,0,100,0,0,0,0,100,0,0,30,248,8,60,5,1.39,"Chinook salmon",2001-04-09,NA
3690,112,24.3,17,0.47,0,0,10,10,70,10,100,0,0,0,0,100,0,0,0,249,25,45,8,0.47,"Chinook salmon",2001-04-09,NA
3693,113,0.3,29,0,0,0,40,60,0,0,85,0,0,15,0,100,0,0,10,250,1,40,25,0,"Chinook salmon",2001-04-09,NA
3704,113,9.2,25,0,0,0,20,80,0,0,80,0,0,20,0,100,0,0,10,251,15,45,10,0,"Chinook salmon",2001-04-09,NA
3713,113,15.3,34,0,0,0,50,50,0,0,70,0,0,30,0,100,0,0,10,252,35,45,20,0,"Chinook salmon",2001-04-09,NA
3713,113,15.3,34,0,0,0,50,50,0,0,70,0,0,30,0,100,0,0,10,253,10,35,20,0,"Chinook salmon",2001-04-09,NA
3715,113,18.1,14,0,0,0,25,75,0,0,10,10,0,80,0,100,0,0,0,254,1,30,5,0,"Steelhead trout (wild)",2001-04-09,NA
3731,114,0.4,23,0,0,0,0,0,50,50,0,0,0,100,0,100,0,0,0,255,1,30,5,0,"Steelhead trout (wild)",2001-04-09,"Riffle Edgewater"
3742,114,9.3,20,0,0,0,0,40,60,0,10,0,0,90,0,100,0,0,0,256,3,40,5,0,"Chinook salmon",2001-04-09,"Riffle Edgewater"
3748,114,15.1,16,0,0,0,60,20,10,10,30,0,0,70,0,100,0,0,0,257,8,40,5,0,"Chinook salmon",2001-04-09,"Riffle Edgewater"
3756,114,21.1,16,0,0,0,30,10,10,50,25,0,0,75,0,100,0,0,0,258,1,30,5,0,"Steelhead trout (wild)",2001-04-09,"Riffle Edgewater"
3768,115,3.1,24,0,0,25,75,0,0,0,50,50,0,0,0,100,0,0,40,259,2,45,5,0,"Chinook salmon",2001-04-10,"Glide"
3772,115,6.1,12,0,0,80,20,0,0,0,30,60,0,10,0,75,25,0,10,260,1,25,5,0,"Steelhead trout (wild)",2001-04-10,"Glide Edgewater"
3773,115,6.2,29,0,0,20,80,0,0,0,100,0,0,0,0,100,0,0,30,261,5,45,1,0,"Chinook salmon",2001-04-10,"Glide"
3776,115,9.1,13,0,0,20,70,10,0,0,70,30,0,0,0,100,0,0,20,262,1,30,5,0,"Steelhead trout (wild)",2001-04-10,"Glide Edgewater"
3799,115,24.4,24,0,0,0,40,60,0,0,100,0,0,0,0,100,0,0,10,263,6,35,15,0,"Chinook salmon",2001-04-10,"Glide Edgewater"
3803,116,0.4,24,0,0,60,30,10,0,0,100,0,0,0,0,100,0,0,20,264,15,40,5,0,"Chinook salmon",2001-04-10,"Glide Edgewater"
3807,116,3.4,20,0,0,0,60,40,0,0,100,0,0,0,0,100,0,0,10,266,40,45,5,0,"Chinook salmon",2001-04-10,"Glide Edgewater"
3809,116,6.2,27,0,0,0,30,50,20,0,90,0,0,10,0,100,0,0,10,265,5,40,5,0,"Chinook salmon",2001-04-10,"Glide Edgewater"
3818,116,12.3,37,0,0,100,0,0,0,0,100,0,0,0,0,100,0,0,10,267,80,50,1,0,"Chinook salmon",2001-04-10,"Glide Edgewater"
3824,116,18.1,20,0,0,50,20,30,0,0,60,20,0,20,0,40,60,0,0,268,1,25,5,0,"Steelhead trout (wild)",2001-04-10,"Glide Edgewater"
3826,116,18.3,43,0,0,0,20,60,20,0,100,0,0,0,0,100,0,0,50,269,100,50,10,0,"Steelhead trout (wild)",2001-04-10,"Glide Edgewater"
3842,117,3.2,20,0,0,0,0,40,50,10,75,0,0,25,0,50,50,0,0,270,1,25,5,0,"Steelhead trout (wild)",2001-04-10,"Glide Edgewater"
3847,117,6.3,26,0,0,0,0,50,50,0,70,0,0,30,0,90,10,0,0,271,1,25,5,0,"Steelhead trout (wild)",2001-04-10,"Glide Edgewater"
3849,117,9.1,15,0,0,0,0,40,50,10,40,0,0,60,0,30,70,0,0,272,1,25,1,0,"Steelhead trout (wild)",2001-04-10,"Glide Edgewater"
3863,117,18.3,26,NA,0,0,0,10,70,20,100,0,0,0,0,100,0,0,0,273,1,30,3,0,"Steelhead trout (wild)",2001-04-10,"Glide Edgewater"
3865,117,21.1,9,0,0,0,0,30,40,30,40,30,0,30,0,70,30,0,0,274,1,25,3,0,"Steelhead trout (wild)",2001-04-10,"Glide Edgewater"
3866,117,21.2,14,0,0,0,0,20,80,0,50,0,0,50,0,50,50,0,0,275,1,25,10,0,"Steelhead trout (wild)",2001-04-10,"Glide Edgewater"
3902,118,21.2,20,0,0,0,30,30,40,0,90,10,0,0,0,50,0,50,0,277,1,35,2,0,"Chinook salmon",2001-04-10,"Glide Edgewater"
3904,118,21.4,28,1.58,0,0,20,50,30,0,100,0,0,0,0,100,0,0,0,276,50,50,2,0.93000001,"Chinook salmon",2001-04-10,"Glide Edgewater"
3915,119,3.3,33,NA,0,80,0,20,0,0,50,0,0,50,0,100,0,0,10,278,7,35,2,NA,"Chinook salmon",2001-04-10,"Glide Edgewater"
3921,119,9.1,25,NA,0,100,0,0,0,0,30,20,0,30,20,90,10,0,0,283,1,45,2,0,"Chinook salmon",2001-04-10,"Glide Edgewater"
3921,119,9.1,25,NA,0,100,0,0,0,0,30,20,0,30,20,90,10,0,0,284,1,50,2,0,"Chinook salmon",2001-04-10,"Glide Edgewater"
3921,119,9.1,25,NA,0,100,0,0,0,0,30,20,0,30,20,90,10,0,0,285,1,35,2,0,"Chinook salmon",2001-04-10,"Glide Edgewater"
3926,119,12.2,37,NA,0,100,0,0,0,0,35,0,0,65,0,100,0,0,0,286,3,60,4,NA,"Chinook salmon",2001-04-10,"Glide Edgewater"
3926,119,12.2,37,NA,0,100,0,0,0,0,35,0,0,65,0,100,0,0,0,287,1,75,4,NA,"Chinook salmon",2001-04-10,"Glide Edgewater"
3926,119,12.2,37,NA,0,100,0,0,0,0,35,0,0,65,0,100,0,0,0,288,1,55,4,NA,"Chinook salmon",2001-04-10,"Glide Edgewater"
3928,119,12.4,49,NA,0,100,0,0,0,0,25,0,0,75,0,100,0,0,0,279,2,35,1,NA,"Chinook salmon",2001-04-10,"Glide Edgewater"
3931,119,15.3,46,NA,0,100,0,0,0,0,40,0,0,60,0,100,0,0,10,280,2,35,1,NA,"Chinook salmon",2001-04-10,"Glide Edgewater"
3938,119,21.2,37,NA,0,100,0,0,0,0,100,0,0,0,0,100,0,0,0,289,5,45,2,NA,"Chinook salmon",2001-04-10,"Glide Edgewater"
3940,119,21.4,59,NA,0,20,70,10,0,0,100,0,0,0,0,100,0,0,10,281,2,35,2,NA,"Chinook salmon",2001-04-10,"Glide Edgewater"
3940,119,21.4,59,NA,0,20,70,10,0,0,100,0,0,0,0,100,0,0,10,282,2,35,2,NA,"Chinook salmon",2001-04-10,"Glide Edgewater"
3993,121,9.1,20,0,0,100,0,0,0,0,30,40,0,30,0,0,50,50,0,305,12,50,15,0,"Chinook salmon",2001-04-11,"Pool"
4048,122,21.4,66,0,0,0,0,50,30,20,100,0,0,0,0,100,0,0,0,306,8,70,30,0,"Chinook salmon",2001-04-11,"Pool"
4048,122,21.4,66,0,0,0,0,50,30,20,100,0,0,0,0,100,0,0,0,309,250,50,30,0,"Chinook salmon",2001-04-11,"Pool"
4052,122,24.4,75,0,0,0,80,20,0,0,50,25,0,25,0,40,0,60,0,307,50,50,35,0,"Chinook salmon",2001-04-11,"Pool"
4052,122,24.4,75,0,0,0,80,20,0,0,50,25,0,25,0,40,0,60,0,308,10,40,35,0,"Chinook salmon",2001-04-11,"Pool"
4111,124,15.2,32,0.71,0,30,35,35,0,0,75,0,0,25,0,80,20,0,10,311,170,55,10,0.63999999,"Chinook salmon",2001-04-11,NA
4297,129,18.3,55,1.3,0,0,80,20,0,0,100,0,0,0,0,100,0,0,25,312,15,50,10,1.3,"Chinook salmon",2001-04-12,"Glide"
4316,130,6.2,59,0,100,0,0,0,0,0,0,20,0,80,0,100,0,0,0,313,1,55,5,0,"Chinook salmon",2001-04-12,"Pool"
4329,130,15.3,24,0,0,10,90,0,0,0,100,0,0,0,0,100,0,0,0,314,18,55,2,0,"Chinook salmon",2001-04-12,"Glide Edgewater"
4351,131,6.1,27,0,70,0,15,15,0,0,40,60,0,0,0,60,40,0,0,315,70,55,25,0,"Chinook salmon",2001-04-12,"Pool"
4355,131,9.1,51,0,100,0,0,0,0,0,75,10,0,15,0,85,15,0,0,316,550,55,30,0,"Chinook salmon",2001-04-12,"Pool"
4359,131,12.1,91,0,90,0,0,10,0,0,90,0,0,10,0,75,25,0,0,317,10,50,30,0,"Chinook salmon",2001-04-12,"Pool"
4364,131,15.2,71,0,100,0,0,0,0,0,100,0,0,0,0,0,0,100,0,318,6,60,30,0,"Chinook salmon",2001-04-12,"Pool"
4379,132,0.1,8,0,0,100,0,0,0,0,25,75,0,0,0,65,10,25,0,319,200,45,7,0,"Chinook salmon",2001-03-19,"Pool"
4379,132,0.1,8,0,0,100,0,0,0,0,25,75,0,0,0,65,10,25,0,326,5,75,5,0,"Chinook salmon",2001-03-19,"Pool"
4381,132,0.3,71,0,0,100,0,0,0,0,40,60,0,0,0,30,70,0,0,320,1,25,5,0,"Steelhead trout (wild)",2001-03-19,"Glide Edgewater"
4381,132,0.3,71,0,0,100,0,0,0,0,40,60,0,0,0,30,70,0,0,327,75,45,10,0,"Chinook salmon",2001-03-19,"Glide Edgewater"
4383,132,3.1,7,0,0,100,0,0,0,0,0,100,0,0,0,25,75,0,0,321,100,45,4,0,"Chinook salmon",2001-03-19,"Pool"
4393,132,9.3,65,0.42,0,75,25,0,0,0,90,10,0,0,0,100,0,0,0,322,1000,40,50,0.30000001,"Chinook salmon",2001-03-19,"Pool"
4408,132,21.2,31,0.36,0,10,90,0,0,0,90,10,0,0,0,100,0,0,0,323,1000,40,25,0.36000001,"Chinook salmon",2001-03-19,"Glide Edgewater"
4410,132,21.4,54,0.53,0,70,30,0,0,0,100,0,0,0,0,100,0,0,10,324,500,45,30,0,"Chinook salmon",2001-03-19,"Glide Edgewater"
4417,133,0.3,26,0,0,20,60,20,0,0,100,0,0,0,0,100,0,0,0,328,1,25,5,0.25,"Steelhead trout (wild)",2001-03-19,"Pool"
4422,133,3.4,30,0.24,0,0,20,80,0,0,100,0,0,0,0,100,0,0,0,330,20,45,25,0,"Chinook salmon",2001-03-19,"Pool"
4425,133,6.3,24,0,0,0,0,90,10,0,100,0,0,0,0,100,0,0,0,331,100,35,10,0,"Chinook salmon",2001-03-19,"Pool"
4437,133,15.3,90,0,0,0,0,100,0,0,60,40,0,0,0,0,10,90,0,337,150,35,60,0,"Chinook salmon",2001-03-19,"Pool"
4438,133,15.4,100,0,0,0,0,40,60,0,100,0,0,0,0,0,10,90,0,338,50,70,75,0,"Chinook salmon",2001-03-19,"Pool"
4450,133,24.4,200,0,0,100,0,0,0,0,100,0,0,0,0,100,0,0,0,339,50,90,60,0,"Tule perch",2001-03-19,"Pool"
4450,133,24.4,200,0,0,100,0,0,0,0,100,0,0,0,0,100,0,0,0,341,200,40,100,0,"Chinook salmon",2001-03-19,"Pool"
4452,134,0.2,21,0.38,0,100,0,0,0,0,100,0,0,0,0,100,0,0,10,343,1,40,10,0.55000001,"Chinook salmon",2001-03-19,"Glide Edgewater"
4488,135,0.2,40,0.5,0,0,50,40,10,0,80,20,0,0,0,100,0,0,20,344,75,45,10,0.5,"Chinook salmon",2001-03-13,"Glide Edgewater"
4489,135,0.3,82,1.4,0,0,10,40,50,0,100,0,0,0,0,100,0,0,25,345,10,45,10,1.4,"Chinook salmon",2001-03-13,"Glide"
4491,135,3.1,26,0,0,30,40,30,0,0,25,75,0,0,0,90,0,10,0,346,500,45,10,0.5,"Chinook salmon",2001-03-13,NA
4492,135,3.2,76,1,0,0,10,30,60,0,90,10,0,0,0,100,0,0,15,347,50,55,20,0.69999999,"Chinook salmon",2001-03-13,"Glide Edgewater"
4492,135,3.2,76,1,0,0,10,30,60,0,90,10,0,0,0,100,0,0,15,348,20,65,20,0.69999999,"Chinook salmon",2001-03-13,"Glide Edgewater"
4496,135,6.2,77,1.1,0,20,0,40,40,0,90,10,0,0,0,30,70,0,0,349,300,50,25,0.64999998,"Chinook salmon",2001-03-13,"Glide Edgewater"
4501,135,9.3,33,0.4,0,0,20,40,40,0,80,20,0,0,0,100,0,0,20,352,30,40,20,0.80000001,"Chinook salmon",2001-03-13,"Glide Edgewater"
4504,135,12.2,43,0.56,0,75,15,0,0,10,15,85,0,0,0,90,10,0,0,350,350,45,10,0,"Chinook salmon",2001-03-13,"Pool"
4506,135,12.4,73,0.56,0,0,20,60,20,0,100,0,0,0,0,100,0,0,10,353,40,40,30,0.69999999,"Chinook salmon",2001-03-13,"Pool"
4509,135,15.3,72,0.41,0,0,10,60,30,0,100,0,0,0,0,100,0,0,10,355,500,40,60,0.2,"Chinook salmon",2001-03-13,"Pool"
4510,135,15.4,100,0.24,0,0,20,60,20,0,100,0,0,0,0,100,0,0,10,354,300,40,20,0.37,"Chinook salmon",2001-03-13,"Pool"
4511,135,18.1,30,0.5,0,40,20,40,0,0,25,75,0,0,0,0,25,75,0,351,300,40,10,0,"Chinook salmon",2001-03-13,"Pool"
4517,135,21.3,130,0.74,0,0,10,80,10,0,100,0,0,0,0,100,0,0,0,358,300,40,100,0.34999999,"Chinook salmon",2001-03-13,"Pool"
4518,135,21.4,150,0.37,0,80,20,0,0,0,100,0,0,0,0,100,0,0,0,357,200,40,110,0.41,"Chinook salmon",2001-03-13,"Pool"
4522,135,24.4,130,0.45,0,0,10,80,10,0,100,0,0,0,0,100,0,0,30,356,200,40,50,0,"Chinook salmon",2001-03-13,"Glide Edgewater"
4523,136,0.1,8,0,0,25,50,25,0,0,10,0,0,90,0,100,0,0,0,365,1,25,5,0,"Steelhead trout (wild)",2001-03-13,"Glide Edgewater"
4537,136,9.3,45,0,0,20,30,50,0,0,75,0,0,25,0,100,0,0,0,364,300,50,25,0,"Chinook salmon",2001-03-13,"Glide Edgewater"
4541,136,12.3,39,0,0,0,0,70,30,0,100,0,0,0,0,100,0,0,0,359,1,25,5,0,"Steelhead trout (wild)",2001-03-13,"Glide Edgewater"
4543,136,15.1,11,0,10,0,30,20,40,0,30,10,0,60,0,100,0,0,0,360,5,25,5,0,"Steelhead trout (wild)",2001-03-13,"Glide Edgewater"
4543,136,15.1,11,0,10,0,30,20,40,0,30,10,0,60,0,100,0,0,0,363,1,35,5,0,"Chinook salmon",2001-03-13,"Glide Edgewater"
4551,136,21.1,8,0,0,0,20,60,10,10,40,10,0,50,0,100,0,0,0,361,1,25,5,0.5,"Steelhead trout (wild)",2001-03-13,"Glide Edgewater"
4556,136,24.2,20,0,0,10,50,20,20,0,75,15,0,10,0,100,0,0,15,362,3,25,5,0,"Steelhead trout (wild)",2001-03-13,"Riffle Edgewater"
4567,137,6.1,26,0,30,0,0,30,40,0,0,90,0,10,0,80,20,0,0,368,3,25,5,0,"Steelhead trout (wild)",2001-03-14,"Pool"
4570,137,6.4,55,0,20,0,0,50,20,10,70,20,0,10,0,100,0,0,0,366,1,30,3,0,"Chinook salmon",2001-03-14,"Pool"
4571,137,9.1,14,0,0,0,20,70,10,0,0,10,0,70,20,0,20,80,0,369,1,25,1,0,"Steelhead trout (wild)",2001-03-14,"Pool"
4575,137,12.1,13,0,0,0,0,100,0,0,60,20,0,20,0,100,0,0,0,370,3,25,5,0,"Steelhead trout (wild)",2001-03-14,"Pool"
4578,137,12.4,60,0,0,0,0,80,0,20,100,0,0,0,0,100,0,0,0,367,1,25,1,0,"Steelhead trout (wild)",2001-03-14,"Pool"
4583,137,18.1,16,0,0,0,0,50,50,0,30,10,0,50,10,100,0,0,0,371,6,25,1,0,"Steelhead trout (wild)",2001-03-14,"Pool"
4583,137,18.1,16,0,0,0,0,50,50,0,30,10,0,50,10,100,0,0,0,377,5,25,10,0,"Steelhead trout (wild)",2001-03-14,"Pool"
4587,137,21.1,11,0,0,0,0,0,30,70,20,10,0,70,0,100,0,0,0,373,1,25,5,0,"Steelhead trout (wild)",2001-03-14,"Pool"
4591,137,24.1,15,0,0,0,0,60,40,0,70,10,0,20,0,100,0,0,0,374,1,25,5,0,"Steelhead trout (wild)",2001-03-14,"Pool"
4591,137,24.1,15,0,0,0,0,60,40,0,70,10,0,20,0,100,0,0,0,375,50,50,5,0,"Chinook salmon",2001-03-14,"Pool"
4591,137,24.1,15,0,0,0,0,60,40,0,70,10,0,20,0,100,0,0,0,376,6,25,10,0,"Steelhead trout (wild)",2001-03-14,"Pool"
4607,138,9.1,50,0.3,0,30,0,60,10,0,50,10,0,20,20,0,20,80,0,378,1,28,1,0,"Steelhead trout (wild)",2001-03-14,"Glide Edgewater"
4611,138,12.1,40,0.18,0,70,30,0,0,0,40,0,40,0,20,0,20,80,0,379,1,45,1.5,0,"Chinook salmon",2001-03-14,"Glide Edgewater"
4611,138,12.1,40,0.18,0,70,30,0,0,0,40,0,40,0,20,0,20,80,0,380,35,35,1.5,0,"Chinook salmon",2001-03-14,"Glide Edgewater"
4615,138,15.1,43,0.47,0,0,40,0,60,0,60,30,0,10,0,10,30,60,0,381,25,40,1.5,0.40000001,"Chinook salmon",2001-03-14,"Glide Edgewater"
4619,138,18.1,8,0,20,20,60,0,0,0,20,30,0,50,0,50,50,0,0,382,200,35,1,0.20999999,"Chinook salmon",2001-03-14,"Glide Edgewater"
4619,138,18.1,8,0,20,20,60,0,0,0,20,30,0,50,0,50,50,0,0,383,5,25,1,0,"Steelhead trout (wild)",2001-03-14,"Glide Edgewater"
4621,138,18.3,59,0.27,0,80,20,0,0,0,90,0,0,10,0,100,0,0,0,385,1,35,5,0.23999999,"Chinook salmon",2001-03-14,"Glide Edgewater"
4623,138,21.1,22,0,0,60,30,10,0,0,45,20,0,15,20,0,20,80,0,384,1,25,0.5,0,"Steelhead trout (wild)",2001-03-14,"Glide Edgewater"
4625,138,21.3,66,0.47,10,90,0,0,0,0,90,10,0,0,0,20,0,80,0,386,1,35,1,0.16,"Chinook salmon",2001-03-14,"Glide Edgewater"
4647,139,12.1,32,0.6,0,0,15,10,75,0,75,0,25,0,0,50,40,10,0,387,1,25,8,0.75,"Steelhead trout (wild)",2001-03-14,"Glide"
4647,139,12.1,32,0.6,0,0,15,10,75,0,75,0,25,0,0,50,40,10,0,388,1,35,3,0.31999999,"Chinook salmon",2001-03-14,"Glide"
4670,140,0.4,36,0,0,0,0,60,40,0,90,10,0,0,0,100,0,0,0,390,50,35,10,0,"Chinook salmon",2001-03-14,"Pool"
4671,140,3.1,12,0,0,10,0,90,0,0,50,10,0,40,0,100,0,0,0,389,1,25,7,0,"Steelhead trout (wild)",2001-03-14,"Pool"
4682,140,9.4,31,0,0,0,0,70,20,10,100,0,0,0,0,100,0,0,0,391,1,35,10,0,"Chinook salmon",2001-03-14,"Pool"
4687,140,15.1,14,0,0,0,0,0,60,40,40,20,0,40,0,0,5,95,0,392,2,25,5,0,"Steelhead trout (wild)",2001-03-14,"Pool"
4687,140,15.1,14,0,0,0,0,0,60,40,40,20,0,40,0,0,5,95,0,393,1,25,2,0,"Steelhead trout (wild)",2001-03-14,"Pool"
4689,140,15.3,32,0,0,0,0,80,10,10,100,0,0,0,0,95,0,5,0,394,1,35,5,0,"Chinook salmon",2001-03-14,"Pool"
4694,140,18.4,28,0,0,0,0,80,20,0,100,0,0,0,0,100,0,0,0,395,4,35,5,0,"Chinook salmon",2001-03-14,"Pool"
4700,140,24.2,11,0,0,0,0,0,60,40,100,0,0,0,0,100,0,0,0,396,1,25,3,0,"Steelhead trout (wild)",2001-03-14,"Pool"
4702,140,24.4,22,0,0,0,0,20,40,40,100,0,0,0,0,100,0,0,0,397,1,35,5,0,"Chinook salmon",2001-03-14,"Pool"
4708,141,3.2,21,0,0,0,0,10,90,0,100,0,0,0,0,100,0,0,0,399,1,35,5,0,"Chinook salmon",2001-03-14,"Glide Edgewater"
4709,141,3.3,39,0,0,0,0,80,20,0,90,0,0,10,0,100,0,0,0,400,1,35,10,0,"Chinook salmon",2001-03-14,"Glide Edgewater"
4713,141,6.3,39,0,0,0,0,80,20,0,100,0,0,0,0,100,0,0,0,401,3,35,10,0,"Chinook salmon",2001-03-14,"Glide Edgewater"
4714,141,6.4,46,0,0,0,0,60,40,0,100,0,0,0,0,100,0,0,35,402,1,35,5,0,"Chinook salmon",2001-03-14,"Glide Edgewater"
4721,141,12.3,31,0,0,0,0,60,40,0,100,0,0,0,0,100,0,0,0,404,5,35,5,0,"Chinook salmon",2001-03-14,"Glide Edgewater"
4730,141,18.4,29,0,0,0,20,60,20,0,90,5,0,5,0,100,0,0,0,405,2,35,5,0,"Chinook salmon",2001-03-14,"Riffle Edgewater"
4731,141,21.1,12,0,0,0,0,30,60,10,20,0,0,80,0,100,0,0,0,398,1,25,5,0,"Steelhead trout (wild)",2001-03-14,"Riffle Edgewater"
4743,142,3.1,30,0,0,90,10,0,0,0,30,0,0,70,0,50,20,30,0,406,2,25,3,0,"Steelhead trout (wild)",2001-03-15,"Pool"
4747,142,6.1,17,0,10,40,0,50,0,0,80,0,0,10,10,90,10,0,0,407,2,25,3,0,"Steelhead trout (wild)",2001-03-15,"Pool"
4763,142,18.1,16,0,0,100,0,0,0,0,30,70,0,0,0,0,0,100,0,409,3,25,5,0,"Steelhead trout (wild)",2001-03-15,"Pool"
4763,142,18.1,16,0,0,100,0,0,0,0,30,70,0,0,0,0,0,100,0,410,30,40,5,0,"Chinook salmon",2001-03-15,"Pool"
4764,142,18.2,35,0,0,100,0,0,0,0,10,80,0,10,0,0,0,100,0,408,1500,40,5,0,"Chinook salmon",2001-03-15,"Pool"
4775,143,0.1,15,1.11,0,20,20,30,0,30,25,0,0,75,0,0,50,50,0,416,5,40,10,0,"Chinook salmon",2001-03-15,"Glide Edgewater"
4788,143,9.2,51,0.77,0,60,0,0,20,20,20,80,0,0,0,50,0,50,0,413,400,45,50,0.76999998,"Chinook salmon",2001-03-15,"Glide Edgewater"
4788,143,9.2,51,0.77,0,60,0,0,20,20,20,80,0,0,0,50,0,50,0,414,50,50,50,0.76999998,"Chinook salmon",2001-03-15,"Glide Edgewater"
4788,143,9.2,51,0.77,0,60,0,0,20,20,20,80,0,0,0,50,0,50,0,415,20,60,50,0.76999998,"Chinook salmon",2001-03-15,"Glide Edgewater"
4801,143,18.3,120,0.65,0,40,30,20,10,0,25,75,0,0,0,70,0,30,0,411,1,500,20,0.64999998,"Steelhead trout, (clipped)",2001-03-15,"Glide"
4801,143,18.3,120,0.65,0,40,30,20,10,0,25,75,0,0,0,70,0,30,0,412,1,500,20,0.64999998,"Steelhead trout (wild)",2001-03-15,"Glide"
4803,143,21.1,45,0,0,100,0,0,0,0,30,70,0,0,0,0,50,50,0,417,1500,40,20,0,"Chinook salmon",2001-03-15,"Glide Edgewater"
4812,144,0.2,25,0,0,10,0,20,50,20,70,20,0,10,0,40,60,0,0,418,50,35,10,0.69999999,"Chinook salmon",2001-03-15,"Glide"
4815,144,3.1,12,0.75,0,20,0,60,20,0,20,20,0,60,0,10,0,90,0,419,1,25,8,0,"Steelhead trout (wild)",2001-03-15,"Glide Edgewater"
4819,144,6.1,23,0.7,0,80,0,0,20,0,30,10,0,60,0,0,20,80,0,420,250,45,10,0.69999999,"Chinook salmon",2001-03-15,"Glide Edgewater"
4827,144,12.1,23,0.72,0,10,0,30,60,0,75,25,0,0,0,20,60,20,0,421,150,40,15,0.67000002,"Chinook salmon",2001-03-15,"Glide Edgewater"
4844,144,24.2,32,1.75,0,0,0,70,30,0,100,0,0,0,0,100,0,0,10,422,50,40,5,1.12,"Chinook salmon",2001-03-15,"Glide"
4853,145,3.3,35,0,40,0,0,50,0,10,100,0,0,0,0,100,0,0,0,423,25,40,10,0,"Chinook salmon",2001-03-15,"Glide Edgewater"
4894,146,6.4,17,0.18,0,0,80,20,0,0,100,0,0,0,0,100,0,0,0,424,1,40,0,0,"Chinook salmon",2001-03-15,"Glide Edgewater"
